{
    "77": {
        "rank": 1,
        "score": 7.274001498034936
    },
    "57": {
        "rank": 2,
        "score": 1.213216472142868
    },
    "90": {
        "rank": 3,
        "score": 1.8181658973442603
    },
    "11": {
        "rank": 4,
        "score": 1.7802696367972155
    },
    "75": {
        "rank": 4,
        "score": 1.7802696367972155
    },
    "53": {
        "rank": 6,
        "score": 1.7258857738479985
    },
    "54": {
        "rank": 7,
        "score": 1.5590303966974113
    },
    "62": {
        "rank": 8,
        "score": 1.5494450023068185
    },
    "86": {
        "rank": 8,
        "score": 1.5494450023068185
    },
    "88": {
        "rank": 10,
        "score": 1.5030184876199726
    },
    "24": {
        "rank": 11,
        "score": 1.497358633916708
    },
    "25": {
        "rank": 12,
        "score": 1.4891158056598903
    },
    "7": {
        "rank": 13,
        "score": 1.4413467248392697
    },
    "26": {
        "rank": 14,
        "score": 1.416532816737923
    },
    "43": {
        "rank": 14,
        "score": 1.416532816737923
    },
    "60": {
        "rank": 16,
        "score": 1.410738364123711
    },
    "48": {
        "rank": 17,
        "score": 1.3361948975649078
    },
    "4": {
        "rank": 18,
        "score": 1.3091780760636047
    },
    "85": {
        "rank": 19,
        "score": 1.288106588260013
    },
    "32": {
        "rank": 20,
        "score": 1.2553690803861228
    },
    "69": {
        "rank": 21,
        "score": 1.234297592582531
    },
    "96": {
        "rank": 22,
        "score": 1.1822112241924205
    },
    "23": {
        "rank": 23,
        "score": 1.1551944026911174
    },
    "28": {
        "rank": 24,
        "score": 1.141087969631416
    },
    "10": {
        "rank": 25,
        "score": 1.0994249293767997
    },
    "27": {
        "rank": 26,
        "score": 1.099182493613679
    },
    "21": {
        "rank": 27,
        "score": 1.06857413289812
    },
    "37": {
        "rank": 28,
        "score": 1.0218264893215998
    },
    "12": {
        "rank": 29,
        "score": 1.0199847225631153
    },
    "20": {
        "rank": 29,
        "score": 1.0199847225631153
    },
    "1": {
        "rank": 31,
        "score": 1.015355847041833
    },
    "29": {
        "rank": 31,
        "score": 1.015355847041833
    },
    "70": {
        "rank": 33,
        "score": 1.0081757840625203
    },
    "51": {
        "rank": 34,
        "score": 1.005743307482841
    },
    "73": {
        "rank": 35,
        "score": 0.9917331717802106
    },
    "84": {
        "rank": 36,
        "score": 0.9729591785357252
    },
    "47": {
        "rank": 37,
        "score": 0.9454412560043124
    },
    "50": {
        "rank": 37,
        "score": 0.9454412560043124
    },
    "68": {
        "rank": 37,
        "score": 0.9454412560043124
    },
    "80": {
        "rank": 37,
        "score": 0.9454412560043124
    },
    "92": {
        "rank": 37,
        "score": 0.9454412560043124
    },
    "55": {
        "rank": 42,
        "score": 0.9262115349592052
    },
    "61": {
        "rank": 43,
        "score": 0.9243697682007204
    },
    "15": {
        "rank": 44,
        "score": 0.8894293469268741
    },
    "63": {
        "rank": 44,
        "score": 0.8894293469268741
    },
    "76": {
        "rank": 44,
        "score": 0.8894293469268741
    },
    "82": {
        "rank": 44,
        "score": 0.8894293469268741
    },
    "19": {
        "rank": 48,
        "score": 0.8683578591232822
    },
    "97": {
        "rank": 49,
        "score": 0.8678428159491125
    },
    "0": {
        "rank": 50,
        "score": 0.8400469929668297
    },
    "13": {
        "rank": 50,
        "score": 0.8400469929668297
    },
    "52": {
        "rank": 50,
        "score": 0.8400469929668297
    },
    "33": {
        "rank": 53,
        "score": 0.8377494984077233
    },
    "49": {
        "rank": 53,
        "score": 0.8377494984077233
    },
    "79": {
        "rank": 53,
        "score": 0.8377494984077233
    },
    "83": {
        "rank": 53,
        "score": 0.8377494984077233
    },
    "95": {
        "rank": 53,
        "score": 0.8377494984077233
    },
    "38": {
        "rank": 58,
        "score": 0.8004794123696224
    },
    "9": {
        "rank": 59,
        "score": 0.7932993493903097
    },
    "16": {
        "rank": 60,
        "score": 0.791457582631825
    },
    "74": {
        "rank": 60,
        "score": 0.791457582631825
    },
    "89": {
        "rank": 60,
        "score": 0.791457582631825
    },
    "8": {
        "rank": 63,
        "score": 0.7842775196525122
    },
    "58": {
        "rank": 64,
        "score": 0.7722278615867177
    },
    "81": {
        "rank": 64,
        "score": 0.7722278615867177
    },
    "93": {
        "rank": 64,
        "score": 0.7722278615867177
    },
    "17": {
        "rank": 67,
        "score": 0.7632060318489203
    },
    "36": {
        "rank": 67,
        "score": 0.7632060318489203
    },
    "45": {
        "rank": 67,
        "score": 0.7632060318489203
    },
    "56": {
        "rank": 67,
        "score": 0.7632060318489203
    },
    "98": {
        "rank": 67,
        "score": 0.7632060318489203
    },
    "42": {
        "rank": 72,
        "score": 0.7354456735543866
    },
    "94": {
        "rank": 72,
        "score": 0.7354456735543866
    },
    "44": {
        "rank": 74,
        "score": 0.7048373128388277
    },
    "72": {
        "rank": 74,
        "score": 0.7048373128388277
    },
    "87": {
        "rank": 74,
        "score": 0.7048373128388277
    },
    "46": {
        "rank": 77,
        "score": 0.6393156760178221
    },
    "64": {
        "rank": 77,
        "score": 0.6393156760178221
    },
    "78": {
        "rank": 77,
        "score": 0.6393156760178221
    },
    "6": {
        "rank": 80,
        "score": 0.6374739092593374
    },
    "2": {
        "rank": 81,
        "score": 0.6302938462800247
    },
    "34": {
        "rank": 81,
        "score": 0.6302938462800247
    },
    "39": {
        "rank": 81,
        "score": 0.6302938462800247
    },
    "91": {
        "rank": 81,
        "score": 0.6302938462800247
    },
    "3": {
        "rank": 85,
        "score": 0.6092223584764328
    },
    "5": {
        "rank": 85,
        "score": 0.6092223584764328
    },
    "18": {
        "rank": 85,
        "score": 0.6092223584764328
    },
    "30": {
        "rank": 85,
        "score": 0.6092223584764328
    },
    "35": {
        "rank": 85,
        "score": 0.6092223584764328
    },
    "40": {
        "rank": 85,
        "score": 0.6092223584764328
    },
    "41": {
        "rank": 85,
        "score": 0.6092223584764328
    },
    "71": {
        "rank": 85,
        "score": 0.6092223584764328
    },
    "14": {
        "rank": 93,
        "score": 0.47631017290753735
    },
    "22": {
        "rank": 93,
        "score": 0.47631017290753735
    },
    "31": {
        "rank": 93,
        "score": 0.47631017290753735
    },
    "59": {
        "rank": 93,
        "score": 0.47631017290753735
    },
    "65": {
        "rank": 93,
        "score": 0.47631017290753735
    },
    "66": {
        "rank": 93,
        "score": 0.47631017290753735
    },
    "67": {
        "rank": 93,
        "score": 0.47631017290753735
    }
}