{
    "46": {
        "rank": 1,
        "score": 1.6223504624823721
    },
    "32": {
        "rank": 2,
        "score": 1.256540468174067
    },
    "16": {
        "rank": 3,
        "score": 1.7047563353658695
    },
    "91": {
        "rank": 4,
        "score": 1.4216915635041354
    },
    "37": {
        "rank": 5,
        "score": 1.4133708327264765
    },
    "50": {
        "rank": 6,
        "score": 1.4050159371782125
    },
    "12": {
        "rank": 7,
        "score": 1.3898430662741441
    },
    "24": {
        "rank": 8,
        "score": 1.37313415912648
    },
    "85": {
        "rank": 9,
        "score": 1.3529176141747037
    },
    "6": {
        "rank": 10,
        "score": 1.3025765391039603
    },
    "67": {
        "rank": 11,
        "score": 1.256583384664086
    },
    "80": {
        "rank": 12,
        "score": 1.2315406454234918
    },
    "5": {
        "rank": 13,
        "score": 1.2256607712296357
    },
    "100": {
        "rank": 14,
        "score": 1.209957259333413
    },
    "79": {
        "rank": 15,
        "score": 1.1931991574820955
    },
    "64": {
        "rank": 16,
        "score": 1.1927378850750023
    },
    "30": {
        "rank": 17,
        "score": 1.186263388733669
    },
    "22": {
        "rank": 18,
        "score": 1.178778175501168
    },
    "98": {
        "rank": 19,
        "score": 1.1709185259249748
    },
    "70": {
        "rank": 20,
        "score": 1.162362850034556
    },
    "43": {
        "rank": 21,
        "score": 1.1601339156059016
    },
    "49": {
        "rank": 22,
        "score": 1.1532129359259453
    },
    "76": {
        "rank": 23,
        "score": 1.1458991121809181
    },
    "71": {
        "rank": 24,
        "score": 1.1449275460701223
    },
    "7": {
        "rank": 25,
        "score": 1.1293186396621748
    },
    "86": {
        "rank": 26,
        "score": 1.1280026698761998
    },
    "54": {
        "rank": 27,
        "score": 1.1252480559007072
    },
    "11": {
        "rank": 28,
        "score": 1.1231236101011504
    },
    "69": {
        "rank": 29,
        "score": 1.1033127799171698
    },
    "65": {
        "rank": 30,
        "score": 1.0937595285112294
    },
    "17": {
        "rank": 31,
        "score": 1.083214440484202
    },
    "68": {
        "rank": 32,
        "score": 1.0701776915732284
    },
    "45": {
        "rank": 33,
        "score": 1.0692865884654328
    },
    "3": {
        "rank": 34,
        "score": 1.0628907654105062
    },
    "92": {
        "rank": 35,
        "score": 1.0563595678880107
    },
    "33": {
        "rank": 36,
        "score": 1.0465114664754265
    },
    "10": {
        "rank": 37,
        "score": 1.0393921806372115
    },
    "95": {
        "rank": 38,
        "score": 1.0389212629959852
    },
    "21": {
        "rank": 39,
        "score": 1.0370038937313923
    },
    "75": {
        "rank": 40,
        "score": 1.0259375524472232
    },
    "8": {
        "rank": 41,
        "score": 1.0202026229526406
    },
    "57": {
        "rank": 42,
        "score": 1.0174563065555555
    },
    "84": {
        "rank": 43,
        "score": 1.0061243108531777
    },
    "88": {
        "rank": 44,
        "score": 1.0045389312122666
    },
    "35": {
        "rank": 45,
        "score": 0.9940088257615546
    },
    "74": {
        "rank": 46,
        "score": 0.9919806227689643
    },
    "89": {
        "rank": 47,
        "score": 0.9885136615141413
    },
    "82": {
        "rank": 48,
        "score": 0.9824917923637284
    },
    "9": {
        "rank": 49,
        "score": 0.9803040254190054
    },
    "55": {
        "rank": 50,
        "score": 0.9716798272897501
    },
    "62": {
        "rank": 51,
        "score": 0.9691266362869235
    },
    "39": {
        "rank": 52,
        "score": 0.965710662749251
    },
    "48": {
        "rank": 53,
        "score": 0.9633863569987544
    },
    "2": {
        "rank": 54,
        "score": 0.9603877036877747
    },
    "23": {
        "rank": 55,
        "score": 0.9570199859088717
    },
    "73": {
        "rank": 56,
        "score": 0.9471051548429473
    },
    "36": {
        "rank": 57,
        "score": 0.9381147905845991
    },
    "51": {
        "rank": 58,
        "score": 0.9372032125602314
    },
    "90": {
        "rank": 59,
        "score": 0.9295628574341229
    },
    "38": {
        "rank": 60,
        "score": 0.9270534793607325
    },
    "81": {
        "rank": 61,
        "score": 0.9245864105680368
    },
    "1": {
        "rank": 62,
        "score": 0.9072519798287396
    },
    "97": {
        "rank": 63,
        "score": 0.9046893154533738
    },
    "96": {
        "rank": 64,
        "score": 0.9044717067464525
    },
    "72": {
        "rank": 65,
        "score": 0.9000211058767666
    },
    "31": {
        "rank": 66,
        "score": 0.8997210192838851
    },
    "40": {
        "rank": 67,
        "score": 0.8976631405658985
    },
    "61": {
        "rank": 68,
        "score": 0.891896353516251
    },
    "14": {
        "rank": 69,
        "score": 0.8818659843185814
    },
    "41": {
        "rank": 70,
        "score": 0.8810199206069581
    },
    "94": {
        "rank": 71,
        "score": 0.8784043154232185
    },
    "25": {
        "rank": 72,
        "score": 0.8778344428571826
    },
    "59": {
        "rank": 73,
        "score": 0.8763657083178192
    },
    "13": {
        "rank": 74,
        "score": 0.8655833109460446
    },
    "15": {
        "rank": 75,
        "score": 0.860609740451437
    },
    "47": {
        "rank": 76,
        "score": 0.8451731307905236
    },
    "83": {
        "rank": 77,
        "score": 0.8449555220836023
    },
    "78": {
        "rank": 78,
        "score": 0.8444422845911271
    },
    "34": {
        "rank": 79,
        "score": 0.8399401029671025
    },
    "56": {
        "rank": 80,
        "score": 0.835279725185914
    },
    "20": {
        "rank": 81,
        "score": 0.8307901888584921
    },
    "66": {
        "rank": 82,
        "score": 0.8270980152366201
    },
    "63": {
        "rank": 83,
        "score": 0.8133029816245025
    },
    "77": {
        "rank": 84,
        "score": 0.8106024805234868
    },
    "19": {
        "rank": 85,
        "score": 0.8038956638414805
    },
    "58": {
        "rank": 86,
        "score": 0.7887533697292657
    },
    "60": {
        "rank": 87,
        "score": 0.7784749276830542
    },
    "29": {
        "rank": 88,
        "score": 0.7770907553086699
    },
    "99": {
        "rank": 89,
        "score": 0.7652936146597146
    },
    "26": {
        "rank": 90,
        "score": 0.7619715981041656
    },
    "53": {
        "rank": 91,
        "score": 0.7319564040218245
    },
    "44": {
        "rank": 92,
        "score": 0.7310621896855349
    },
    "18": {
        "rank": 93,
        "score": 0.7289384504643998
    },
    "4": {
        "rank": 94,
        "score": 0.7151752744073472
    },
    "28": {
        "rank": 95,
        "score": 0.7091510836832882
    },
    "87": {
        "rank": 96,
        "score": 0.6998696121582391
    },
    "42": {
        "rank": 97,
        "score": 0.6759568109248804
    },
    "52": {
        "rank": 98,
        "score": 0.6742652239780937
    },
    "93": {
        "rank": 99,
        "score": 0.6515131782002285
    },
    "27": {
        "rank": 100,
        "score": 0.6242579640501436
    }
}