{
    "4": {
        "rank": 1,
        "score": 1.1450791489737726
    },
    "1": {
        "rank": 2,
        "score": 1.1295251061573648
    },
    "3": {
        "rank": 3,
        "score": 1.091534751710379
    },
    "2": {
        "rank": 4,
        "score": 0.9084652482896209
    },
    "6": {
        "rank": 5,
        "score": 0.8549208510262275
    },
    "5": {
        "rank": 6,
        "score": 0.8704748938426353
    }
}