{
    "20": {
        "rank": 1,
        "score": 5.872072247728437
    },
    "24": {
        "rank": 1,
        "score": 5.872072247728437
    },
    "42": {
        "rank": 1,
        "score": 5.872072247728437
    },
    "21": {
        "rank": 4,
        "score": 0.8682982577818698
    },
    "23": {
        "rank": 4,
        "score": 0.8682982577818698
    },
    "25": {
        "rank": 4,
        "score": 0.8682982577818698
    },
    "30": {
        "rank": 4,
        "score": 0.8682982577818698
    },
    "33": {
        "rank": 4,
        "score": 0.8682982577818698
    },
    "40": {
        "rank": 4,
        "score": 0.8682982577818698
    },
    "44": {
        "rank": 4,
        "score": 0.8682982577818698
    },
    "50": {
        "rank": 4,
        "score": 0.8682982577818698
    },
    "27": {
        "rank": 12,
        "score": 0.8191315654954658
    },
    "32": {
        "rank": 12,
        "score": 0.8191315654954658
    },
    "35": {
        "rank": 12,
        "score": 0.8191315654954658
    },
    "36": {
        "rank": 12,
        "score": 0.8191315654954658
    },
    "39": {
        "rank": 12,
        "score": 0.8191315654954658
    },
    "43": {
        "rank": 12,
        "score": 0.8191315654954658
    },
    "45": {
        "rank": 12,
        "score": 0.8191315654954658
    },
    "46": {
        "rank": 12,
        "score": 0.8191315654954658
    },
    "47": {
        "rank": 12,
        "score": 0.8191315654954658
    },
    "18": {
        "rank": 21,
        "score": 0.6656305879586627
    },
    "19": {
        "rank": 21,
        "score": 0.6656305879586627
    },
    "22": {
        "rank": 21,
        "score": 0.6656305879586627
    },
    "26": {
        "rank": 21,
        "score": 0.6656305879586627
    },
    "28": {
        "rank": 21,
        "score": 0.6656305879586627
    },
    "29": {
        "rank": 21,
        "score": 0.6656305879586627
    },
    "31": {
        "rank": 21,
        "score": 0.6656305879586627
    },
    "34": {
        "rank": 21,
        "score": 0.6656305879586627
    },
    "37": {
        "rank": 21,
        "score": 0.6656305879586627
    },
    "38": {
        "rank": 21,
        "score": 0.6656305879586627
    },
    "41": {
        "rank": 21,
        "score": 0.6656305879586627
    },
    "48": {
        "rank": 21,
        "score": 0.6656305879586627
    },
    "49": {
        "rank": 21,
        "score": 0.6656305879586627
    },
    "1": {
        "rank": 34,
        "score": 0.5536479683316423
    },
    "2": {
        "rank": 34,
        "score": 0.5536479683316423
    },
    "3": {
        "rank": 34,
        "score": 0.5536479683316423
    },
    "4": {
        "rank": 34,
        "score": 0.5536479683316423
    },
    "5": {
        "rank": 34,
        "score": 0.5536479683316423
    },
    "6": {
        "rank": 34,
        "score": 0.5536479683316423
    },
    "7": {
        "rank": 34,
        "score": 0.5536479683316423
    },
    "8": {
        "rank": 34,
        "score": 0.5536479683316423
    },
    "9": {
        "rank": 34,
        "score": 0.5536479683316423
    },
    "10": {
        "rank": 34,
        "score": 0.5536479683316423
    },
    "11": {
        "rank": 34,
        "score": 0.5536479683316423
    },
    "12": {
        "rank": 34,
        "score": 0.5536479683316423
    },
    "13": {
        "rank": 34,
        "score": 0.5536479683316423
    },
    "14": {
        "rank": 34,
        "score": 0.5536479683316423
    },
    "15": {
        "rank": 34,
        "score": 0.5536479683316423
    },
    "16": {
        "rank": 34,
        "score": 0.5536479683316423
    },
    "17": {
        "rank": 34,
        "score": 0.5536479683316423
    }
}